deck,deck-href,title,rating,hero,card
"Ramp","http://www.hearthpwn.com/decks/203069-ramp","Ramp","+1","Druid Cards","Loatheb

× 1"
"Control","http://www.hearthpwn.com/decks/203078-control","Control","+1","Warrior Cards","Whirlwind

× 2"
"Doublecom","http://www.hearthpwn.com/decks/203079-doublecom","Doublecom","+1","Druid Cards","Wrath

× 2"
"Control","http://www.hearthpwn.com/decks/203078-control","Control","+1","Warrior Cards","The Black Knight

× 1"
"Somehow Successful","http://www.hearthpwn.com/decks/202282-somehow-successful","Somehow Successful","+2","Priest Cards","Thoughtsteal

× 2"
"Combo","http://www.hearthpwn.com/decks/203075-combo","Combo","+1","Druid Cards","Innervate

× 2"
"Lifecoach Handlock 03/02/2015","http://www.hearthpwn.com/decks/203080-lifecoach-handlock-03-02-2015","Lifecoach Handlock 03/02/2015","+1","Warlock Cards","Dr. Boom

× 1"
"Somehow Successful","http://www.hearthpwn.com/decks/202282-somehow-successful","Somehow Successful","+2","Priest Cards","Loot Hoarder

× 2"
"Def Druid","http://www.hearthpwn.com/decks/203086-def-druid","Def Druid","+1","Druid Cards","Sunfury Protector

× 2"
"Def Druid","http://www.hearthpwn.com/decks/203086-def-druid","Def Druid","+1","Druid Cards","Savage Roar

× 2"
"Echo","http://www.hearthpwn.com/decks/203072-echo","Echo","+1","Mage Cards","Arcane Intellect

× 2"
"Combo","http://www.hearthpwn.com/decks/203075-combo","Combo","+1","Druid Cards","Sylvanas Windrunner

× 1"
"If u want fun Come here ! :)","http://www.hearthpwn.com/decks/203082-if-u-want-fun-come-here","If u want fun Come here ! :)","+1","Priest Cards","Sludge Belcher

× 1"
"Ramp","http://www.hearthpwn.com/decks/203069-ramp","Ramp","+1","Druid Cards","Keeper of the Grove

× 2"
"Combo","http://www.hearthpwn.com/decks/203075-combo","Combo","+1","Druid Cards","Swipe

× 2"
"Nature Boy - Combo/Ramp Druid","http://www.hearthpwn.com/decks/203073-nature-boy-combo-ramp-druid","Nature Boy - Combo/Ramp Druid","+1","Druid Cards","Savage Roar

× 2"
"[LEGEND S11] Gurubashi Priest","http://www.hearthpwn.com/decks/202277-legend-s11-gurubashi-priest","[LEGEND S11] Gurubashi Priest","+2","Priest Cards","Circle of Healing

× 2"
"Ramp","http://www.hearthpwn.com/decks/203069-ramp","Ramp","+1","Druid Cards","Swipe

× 2"
"Control","http://www.hearthpwn.com/decks/203078-control","Control","+1","Warrior Cards","Shieldmaiden

× 2"
"Mech 1.0","http://www.hearthpwn.com/decks/203083-mech-1-0","Mech 1.0","+1","Paladin Cards","Arcane Golem

× 1"
"Lifecoach Handlock 03/02/2015","http://www.hearthpwn.com/decks/203080-lifecoach-handlock-03-02-2015","Lifecoach Handlock 03/02/2015","+1","Warlock Cards","Hellfire

× 2"
"Echo","http://www.hearthpwn.com/decks/203072-echo","Echo","+1","Mage Cards","Antique Healbot

× 1"
"If u want fun Come here ! :)","http://www.hearthpwn.com/decks/203082-if-u-want-fun-come-here","If u want fun Come here ! :)","+1","Priest Cards","Holy Nova

× 1"
"Doublecom","http://www.hearthpwn.com/decks/203079-doublecom","Doublecom","+1","Druid Cards","Savage Roar

× 2"
"[LEGEND S11] Gurubashi Priest","http://www.hearthpwn.com/decks/202277-legend-s11-gurubashi-priest","[LEGEND S11] Gurubashi Priest","+2","Priest Cards","Lightwell

× 1"
"[LEGEND S11] Gurubashi Priest","http://www.hearthpwn.com/decks/202277-legend-s11-gurubashi-priest","[LEGEND S11] Gurubashi Priest","+2","Priest Cards","Northshire Cleric

× 2"
"Doublecom","http://www.hearthpwn.com/decks/203079-doublecom","Doublecom","+1","Druid Cards","Keeper of the Grove

× 2"
"Echo","http://www.hearthpwn.com/decks/203072-echo","Echo","+1","Mage Cards","Explosive Sheep

× 2"
"Lifecoach Handlock 03/02/2015","http://www.hearthpwn.com/decks/203080-lifecoach-handlock-03-02-2015","Lifecoach Handlock 03/02/2015","+1","Warlock Cards","Twilight Drake

× 2"
"Doublecom","http://www.hearthpwn.com/decks/203079-doublecom","Doublecom","+1","Druid Cards","Loot Hoarder

× 2"
"Def Druid","http://www.hearthpwn.com/decks/203086-def-druid","Def Druid","+1","Druid Cards","Innervate

× 2"
"Mech 1.0","http://www.hearthpwn.com/decks/203083-mech-1-0","Mech 1.0","+1","Paladin Cards","Dr. Boom

× 1"
"Lifecoach Handlock 03/02/2015","http://www.hearthpwn.com/decks/203080-lifecoach-handlock-03-02-2015","Lifecoach Handlock 03/02/2015","+1","Warlock Cards","Ironbeak Owl

× 1"
"SD Priest","http://www.hearthpwn.com/decks/203076-sd-priest","SD Priest","+1","Priest Cards","Shadow Word: Pain

× 1"
"Control","http://www.hearthpwn.com/decks/203078-control","Control","+1","Warrior Cards","Fiery War Axe

× 2"
"Control","http://www.hearthpwn.com/decks/203078-control","Control","+1","Warrior Cards","Acolyte of Pain

× 2"
"SD Priest","http://www.hearthpwn.com/decks/203076-sd-priest","SD Priest","+1","Priest Cards","Mind Control

× 2"
"SD Priest","http://www.hearthpwn.com/decks/203076-sd-priest","SD Priest","+1","Priest Cards","Holy Nova

× 2"
"Nature Boy - Combo/Ramp Druid","http://www.hearthpwn.com/decks/203073-nature-boy-combo-ramp-druid","Nature Boy - Combo/Ramp Druid","+1","Druid Cards","Annoy-o-Tron

× 1"
"Ramp","http://www.hearthpwn.com/decks/203069-ramp","Ramp","+1","Druid Cards","Innervate

× 2"
"Lifecoach Handlock 03/02/2015","http://www.hearthpwn.com/decks/203080-lifecoach-handlock-03-02-2015","Lifecoach Handlock 03/02/2015","+1","Warlock Cards","Sunfury Protector

× 2"
"Echo","http://www.hearthpwn.com/decks/203072-echo","Echo","+1","Mage Cards","Mountain Giant

× 1"
"Ramp","http://www.hearthpwn.com/decks/203069-ramp","Ramp","+1","Druid Cards","Shade of Naxxramas

× 2"
"Nature Boy - Combo/Ramp Druid","http://www.hearthpwn.com/decks/203073-nature-boy-combo-ramp-druid","Nature Boy - Combo/Ramp Druid","+1","Druid Cards","Soul of the Forest

× 1"
"Somehow Successful","http://www.hearthpwn.com/decks/202282-somehow-successful","Somehow Successful","+2","Priest Cards","Lightwarden

× 2"
"Mech 1.0","http://www.hearthpwn.com/decks/203083-mech-1-0","Mech 1.0","+1","Paladin Cards","Cobalt Guardian

× 1"
"Def Druid","http://www.hearthpwn.com/decks/203086-def-druid","Def Druid","+1","Druid Cards","Harvest Golem

× 2"
"Lifecoach Handlock 03/02/2015","http://www.hearthpwn.com/decks/203080-lifecoach-handlock-03-02-2015","Lifecoach Handlock 03/02/2015","+1","Warlock Cards","Ragnaros the Firelord

× 1"
"Nature Boy - Combo/Ramp Druid","http://www.hearthpwn.com/decks/203073-nature-boy-combo-ramp-druid","Nature Boy - Combo/Ramp Druid","+1","Druid Cards","Thrallmar Farseer

× 1"
"Nature Boy - Combo/Ramp Druid","http://www.hearthpwn.com/decks/203073-nature-boy-combo-ramp-druid","Nature Boy - Combo/Ramp Druid","+1","Druid Cards","Innervate

× 2"
"Mech 1.0","http://www.hearthpwn.com/decks/203083-mech-1-0","Mech 1.0","+1","Paladin Cards","Sludge Belcher

× 2"
"Nature Boy - Combo/Ramp Druid","http://www.hearthpwn.com/decks/203073-nature-boy-combo-ramp-druid","Nature Boy - Combo/Ramp Druid","+1","Druid Cards","Dire Wolf Alpha

× 1"
"Mech 1.0","http://www.hearthpwn.com/decks/203083-mech-1-0","Mech 1.0","+1","Paladin Cards","Ironbeak Owl

× 1"
"If u want fun Come here ! :)","http://www.hearthpwn.com/decks/203082-if-u-want-fun-come-here","If u want fun Come here ! :)","+1","Priest Cards","Dark Cultist

× 2"
"If u want fun Come here ! :)","http://www.hearthpwn.com/decks/203082-if-u-want-fun-come-here","If u want fun Come here ! :)","+1","Priest Cards","Shadow Word: Pain

× 1"
"SD Priest","http://www.hearthpwn.com/decks/203076-sd-priest","SD Priest","+1","Priest Cards","Kobold Geomancer

× 2"
"Doublecom","http://www.hearthpwn.com/decks/203079-doublecom","Doublecom","+1","Druid Cards","Dr. Boom

× 1"
"SD Priest","http://www.hearthpwn.com/decks/203076-sd-priest","SD Priest","+1","Priest Cards","Ogre Magi

× 2"
"Def Druid","http://www.hearthpwn.com/decks/203086-def-druid","Def Druid","+1","Druid Cards","Starfall

× 1"
"Somehow Successful","http://www.hearthpwn.com/decks/202282-somehow-successful","Somehow Successful","+2","Priest Cards","Shadow Word: Pain

× 2"
"Nature Boy - Combo/Ramp Druid","http://www.hearthpwn.com/decks/203073-nature-boy-combo-ramp-druid","Nature Boy - Combo/Ramp Druid","+1","Druid Cards","Imp Master

× 2"
"Control","http://www.hearthpwn.com/decks/203078-control","Control","+1","Warrior Cards","Shield Block

× 2"
"Mech 1.0","http://www.hearthpwn.com/decks/203083-mech-1-0","Mech 1.0","+1","Paladin Cards","Truesilver Champion

× 2"
"Combo","http://www.hearthpwn.com/decks/203075-combo","Combo","+1","Druid Cards","Big Game Hunter

× 1"
"[LEGEND S11] Gurubashi Priest","http://www.hearthpwn.com/decks/202277-legend-s11-gurubashi-priest","[LEGEND S11] Gurubashi Priest","+2","Priest Cards","Inner Fire

× 2"
"Lifecoach Handlock 03/02/2015","http://www.hearthpwn.com/decks/203080-lifecoach-handlock-03-02-2015","Lifecoach Handlock 03/02/2015","+1","Warlock Cards","Darkbomb

× 1"
"Somehow Successful","http://www.hearthpwn.com/decks/202282-somehow-successful","Somehow Successful","+2","Priest Cards","Shadowboxer

× 2"
"[LEGEND S11] Gurubashi Priest","http://www.hearthpwn.com/decks/202277-legend-s11-gurubashi-priest","[LEGEND S11] Gurubashi Priest","+2","Priest Cards","Mogu'shan Warden

× 2"
"Echo","http://www.hearthpwn.com/decks/203072-echo","Echo","+1","Mage Cards","Ice Block

× 2"
"Lifecoach Handlock 03/02/2015","http://www.hearthpwn.com/decks/203080-lifecoach-handlock-03-02-2015","Lifecoach Handlock 03/02/2015","+1","Warlock Cards","Mortal Coil

× 2"
"Lifecoach Handlock 03/02/2015","http://www.hearthpwn.com/decks/203080-lifecoach-handlock-03-02-2015","Lifecoach Handlock 03/02/2015","+1","Warlock Cards","Shadowflame

× 1"
"Lifecoach Handlock 03/02/2015","http://www.hearthpwn.com/decks/203080-lifecoach-handlock-03-02-2015","Lifecoach Handlock 03/02/2015","+1","Warlock Cards","Siphon Soul

× 1"
"Nature Boy - Combo/Ramp Druid","http://www.hearthpwn.com/decks/203073-nature-boy-combo-ramp-druid","Nature Boy - Combo/Ramp Druid","+1","Druid Cards","Swipe

× 2"
"Combo","http://www.hearthpwn.com/decks/203075-combo","Combo","+1","Druid Cards","Savage Roar

× 2"
"[LEGEND S11] Gurubashi Priest","http://www.hearthpwn.com/decks/202277-legend-s11-gurubashi-priest","[LEGEND S11] Gurubashi Priest","+2","Priest Cards","Alexstrasza

× 1"
"Lifecoach Handlock 03/02/2015","http://www.hearthpwn.com/decks/203080-lifecoach-handlock-03-02-2015","Lifecoach Handlock 03/02/2015","+1","Warlock Cards","Sludge Belcher

× 2"
"Nature Boy - Combo/Ramp Druid","http://www.hearthpwn.com/decks/203073-nature-boy-combo-ramp-druid","Nature Boy - Combo/Ramp Druid","+1","Druid Cards","Bloodmage Thalnos

× 1"
"Combo","http://www.hearthpwn.com/decks/203075-combo","Combo","+1","Druid Cards","Wrath

× 2"
"Mech 1.0","http://www.hearthpwn.com/decks/203083-mech-1-0","Mech 1.0","+1","Paladin Cards","Muster for Battle

× 2"
"Doublecom","http://www.hearthpwn.com/decks/203079-doublecom","Doublecom","+1","Druid Cards","Azure Drake

× 2"
"Ramp","http://www.hearthpwn.com/decks/203069-ramp","Ramp","+1","Druid Cards","Dr. Boom

× 1"
"Control","http://www.hearthpwn.com/decks/203078-control","Control","+1","Warrior Cards","Cruel Taskmaster

× 2"
"Combo","http://www.hearthpwn.com/decks/203075-combo","Combo","+1","Druid Cards","Piloted Shredder

× 2"
"Def Druid","http://www.hearthpwn.com/decks/203086-def-druid","Def Druid","+1","Druid Cards","Mark of Nature

× 2"
"Ramp","http://www.hearthpwn.com/decks/203069-ramp","Ramp","+1","Druid Cards","Wild Growth

× 2"
"Def Druid","http://www.hearthpwn.com/decks/203086-def-druid","Def Druid","+1","Druid Cards","Ancient Watcher

× 2"
"Lifecoach Handlock 03/02/2015","http://www.hearthpwn.com/decks/203080-lifecoach-handlock-03-02-2015","Lifecoach Handlock 03/02/2015","+1","Warlock Cards","Antique Healbot

× 2"
"Combo","http://www.hearthpwn.com/decks/203075-combo","Combo","+1","Druid Cards","Wild Growth

× 2"
"Nature Boy - Combo/Ramp Druid","http://www.hearthpwn.com/decks/203073-nature-boy-combo-ramp-druid","Nature Boy - Combo/Ramp Druid","+1","Druid Cards","Wild Growth

× 1"
"Lifecoach Handlock 03/02/2015","http://www.hearthpwn.com/decks/203080-lifecoach-handlock-03-02-2015","Lifecoach Handlock 03/02/2015","+1","Warlock Cards","Big Game Hunter

× 1"
"Echo","http://www.hearthpwn.com/decks/203072-echo","Echo","+1","Mage Cards","Polymorph

× 2"
"Somehow Successful","http://www.hearthpwn.com/decks/202282-somehow-successful","Somehow Successful","+2","Priest Cards","Mind Blast

× 2"
"If u want fun Come here ! :)","http://www.hearthpwn.com/decks/203082-if-u-want-fun-come-here","If u want fun Come here ! :)","+1","Priest Cards","Stormwind Knight

× 2"
"Control","http://www.hearthpwn.com/decks/203078-control","Control","+1","Warrior Cards","Death's Bite

× 2"
"Def Druid","http://www.hearthpwn.com/decks/203086-def-druid","Def Druid","+1","Druid Cards","Defender of Argus

× 2"
"Mech 1.0","http://www.hearthpwn.com/decks/203083-mech-1-0","Mech 1.0","+1","Paladin Cards","Mechanical Yeti

× 2"
"Somehow Successful","http://www.hearthpwn.com/decks/202282-somehow-successful","Somehow Successful","+2","Priest Cards","Abusive Sergeant

× 2"
"Lifecoach Handlock 03/02/2015","http://www.hearthpwn.com/decks/203080-lifecoach-handlock-03-02-2015","Lifecoach Handlock 03/02/2015","+1","Warlock Cards","Sylvanas Windrunner

× 1"
"SD Priest","http://www.hearthpwn.com/decks/203076-sd-priest","SD Priest","+1","Priest Cards","Velen's Chosen

× 2"
"Control","http://www.hearthpwn.com/decks/203078-control","Control","+1","Warrior Cards","Execute

× 2"
"Somehow Successful","http://www.hearthpwn.com/decks/202282-somehow-successful","Somehow Successful","+2","Priest Cards","Power Word: Shield

× 2"
"Doublecom","http://www.hearthpwn.com/decks/203079-doublecom","Doublecom","+1","Druid Cards","Ancient of Lore

× 2"
"Combo","http://www.hearthpwn.com/decks/203075-combo","Combo","+1","Druid Cards","Force of Nature

× 2"
"If u want fun Come here ! :)","http://www.hearthpwn.com/decks/203082-if-u-want-fun-come-here","If u want fun Come here ! :)","+1","Priest Cards","Velen's Chosen

× 1"
"SD Priest","http://www.hearthpwn.com/decks/203076-sd-priest","SD Priest","+1","Priest Cards","Azure Drake

× 2"
"Ramp","http://www.hearthpwn.com/decks/203069-ramp","Ramp","+1","Druid Cards","Ancient of Lore

× 2"
"Lifecoach Handlock 03/02/2015","http://www.hearthpwn.com/decks/203080-lifecoach-handlock-03-02-2015","Lifecoach Handlock 03/02/2015","+1","Warlock Cards","Molten Giant

× 2"
"Def Druid","http://www.hearthpwn.com/decks/203086-def-druid","Def Druid","+1","Druid Cards","Force of Nature

× 2"
"Control","http://www.hearthpwn.com/decks/203078-control","Control","+1","Warrior Cards","Sylvanas Windrunner

× 1"
"If u want fun Come here ! :)","http://www.hearthpwn.com/decks/203082-if-u-want-fun-come-here","If u want fun Come here ! :)","+1","Priest Cards","Northshire Cleric

× 2"
"Nature Boy - Combo/Ramp Druid","http://www.hearthpwn.com/decks/203073-nature-boy-combo-ramp-druid","Nature Boy - Combo/Ramp Druid","+1","Druid Cards","Molten Giant

× 1"
"Ramp","http://www.hearthpwn.com/decks/203069-ramp","Ramp","+1","Druid Cards","Wrath

× 2"
"Echo","http://www.hearthpwn.com/decks/203072-echo","Echo","+1","Mage Cards","Water Elemental

× 1"
"[LEGEND S11] Gurubashi Priest","http://www.hearthpwn.com/decks/202277-legend-s11-gurubashi-priest","[LEGEND S11] Gurubashi Priest","+2","Priest Cards","Auchenai Soulpriest

× 2"
"SD Priest","http://www.hearthpwn.com/decks/203076-sd-priest","SD Priest","+1","Priest Cards","Holy Fire

× 1"
"Echo","http://www.hearthpwn.com/decks/203072-echo","Echo","+1","Mage Cards","Frostbolt

× 2"
"Nature Boy - Combo/Ramp Druid","http://www.hearthpwn.com/decks/203073-nature-boy-combo-ramp-druid","Nature Boy - Combo/Ramp Druid","+1","Druid Cards","Clockwork Giant

× 1"
"Def Druid","http://www.hearthpwn.com/decks/203086-def-druid","Def Druid","+1","Druid Cards","Nerubian Egg

× 2"
"Mech 1.0","http://www.hearthpwn.com/decks/203083-mech-1-0","Mech 1.0","+1","Paladin Cards","Piloted Sky Golem

× 1"
"Ramp","http://www.hearthpwn.com/decks/203069-ramp","Ramp","+1","Druid Cards","Mind Control Tech

× 1"
"SD Priest","http://www.hearthpwn.com/decks/203076-sd-priest","SD Priest","+1","Priest Cards","Holy Smite

× 2"
"[LEGEND S11] Gurubashi Priest","http://www.hearthpwn.com/decks/202277-legend-s11-gurubashi-priest","[LEGEND S11] Gurubashi Priest","+2","Priest Cards","Thoughtsteal

× 2"
"Combo","http://www.hearthpwn.com/decks/203075-combo","Combo","+1","Druid Cards","Loatheb

× 1"
"Combo","http://www.hearthpwn.com/decks/203075-combo","Combo","+1","Druid Cards","Harrison Jones

× 1"
"[LEGEND S11] Gurubashi Priest","http://www.hearthpwn.com/decks/202277-legend-s11-gurubashi-priest","[LEGEND S11] Gurubashi Priest","+2","Priest Cards","Vol'jin

× 1"
"Doublecom","http://www.hearthpwn.com/decks/203079-doublecom","Doublecom","+1","Druid Cards","Innervate

× 2"
"Lifecoach Handlock 03/02/2015","http://www.hearthpwn.com/decks/203080-lifecoach-handlock-03-02-2015","Lifecoach Handlock 03/02/2015","+1","Warlock Cards","Loatheb

× 1"
"Lifecoach Handlock 03/02/2015","http://www.hearthpwn.com/decks/203080-lifecoach-handlock-03-02-2015","Lifecoach Handlock 03/02/2015","+1","Warlock Cards","Mountain Giant

× 2"
"Def Druid","http://www.hearthpwn.com/decks/203086-def-druid","Def Druid","+1","Druid Cards","Keeper of the Grove

× 2"
"Ramp","http://www.hearthpwn.com/decks/203069-ramp","Ramp","+1","Druid Cards","Sylvanas Windrunner

× 1"
"Lifecoach Handlock 03/02/2015","http://www.hearthpwn.com/decks/203080-lifecoach-handlock-03-02-2015","Lifecoach Handlock 03/02/2015","+1","Warlock Cards","Defender of Argus

× 2"
"SD Priest","http://www.hearthpwn.com/decks/203076-sd-priest","SD Priest","+1","Priest Cards","Archmage

× 2"
"[LEGEND S11] Gurubashi Priest","http://www.hearthpwn.com/decks/202277-legend-s11-gurubashi-priest","[LEGEND S11] Gurubashi Priest","+2","Priest Cards","Light of the Naaru

× 2"
"Nature Boy - Combo/Ramp Druid","http://www.hearthpwn.com/decks/203073-nature-boy-combo-ramp-druid","Nature Boy - Combo/Ramp Druid","+1","Druid Cards","Mark of the Wild

× 1"
"Combo","http://www.hearthpwn.com/decks/203075-combo","Combo","+1","Druid Cards","Keeper of the Grove

× 2"
"Nature Boy - Combo/Ramp Druid","http://www.hearthpwn.com/decks/203073-nature-boy-combo-ramp-druid","Nature Boy - Combo/Ramp Druid","+1","Druid Cards","Sylvanas Windrunner

× 1"
"Doublecom","http://www.hearthpwn.com/decks/203079-doublecom","Doublecom","+1","Druid Cards","Swipe

× 2"
"Somehow Successful","http://www.hearthpwn.com/decks/202282-somehow-successful","Somehow Successful","+2","Priest Cards","Dark Cultist

× 2"
"Echo","http://www.hearthpwn.com/decks/203072-echo","Echo","+1","Mage Cards","Acolyte of Pain

× 2"
"Doublecom","http://www.hearthpwn.com/decks/203079-doublecom","Doublecom","+1","Druid Cards","Shade of Naxxramas

× 2"
"If u want fun Come here ! :)","http://www.hearthpwn.com/decks/203082-if-u-want-fun-come-here","If u want fun Come here ! :)","+1","Priest Cards","Silence

× 1"
"Control","http://www.hearthpwn.com/decks/203078-control","Control","+1","Warrior Cards","Harrison Jones

× 1"
"[LEGEND S11] Gurubashi Priest","http://www.hearthpwn.com/decks/202277-legend-s11-gurubashi-priest","[LEGEND S11] Gurubashi Priest","+2","Priest Cards","Faceless Manipulator

× 1"
"Ramp","http://www.hearthpwn.com/decks/203069-ramp","Ramp","+1","Druid Cards","Force of Nature

× 1"
"Doublecom","http://www.hearthpwn.com/decks/203079-doublecom","Doublecom","+1","Druid Cards","Force of Nature

× 2"
"Doublecom","http://www.hearthpwn.com/decks/203079-doublecom","Doublecom","+1","Druid Cards","Loatheb

× 1"
"Combo","http://www.hearthpwn.com/decks/203075-combo","Combo","+1","Druid Cards","Druid of the Claw

× 2"
"Echo","http://www.hearthpwn.com/decks/203072-echo","Echo","+1","Mage Cards","Flamestrike

× 2"
"If u want fun Come here ! :)","http://www.hearthpwn.com/decks/203082-if-u-want-fun-come-here","If u want fun Come here ! :)","+1","Priest Cards","Inner Fire

× 2"
"Nature Boy - Combo/Ramp Druid","http://www.hearthpwn.com/decks/203073-nature-boy-combo-ramp-druid","Nature Boy - Combo/Ramp Druid","+1","Druid Cards","Force of Nature

× 1"
"Nature Boy - Combo/Ramp Druid","http://www.hearthpwn.com/decks/203073-nature-boy-combo-ramp-druid","Nature Boy - Combo/Ramp Druid","+1","Druid Cards","Echoing Ooze

× 2"
"SD Priest","http://www.hearthpwn.com/decks/203076-sd-priest","SD Priest","+1","Priest Cards","Shadow Madness

× 1"
"Ramp","http://www.hearthpwn.com/decks/203069-ramp","Ramp","+1","Druid Cards","Savage Roar

× 2"
"If u want fun Come here ! :)","http://www.hearthpwn.com/decks/203082-if-u-want-fun-come-here","If u want fun Come here ! :)","+1","Priest Cards","Gadgetzan Auctioneer

× 2"
"Mech 1.0","http://www.hearthpwn.com/decks/203083-mech-1-0","Mech 1.0","+1","Paladin Cards","Mechwarper

× 2"
"Combo","http://www.hearthpwn.com/decks/203075-combo","Combo","+1","Druid Cards","Shade of Naxxramas

× 2"
"[LEGEND S11] Gurubashi Priest","http://www.hearthpwn.com/decks/202277-legend-s11-gurubashi-priest","[LEGEND S11] Gurubashi Priest","+2","Priest Cards","Injured Blademaster

× 2"
"Control","http://www.hearthpwn.com/decks/203078-control","Control","+1","Warrior Cards","Brawl

× 1"
"Lifecoach Handlock 03/02/2015","http://www.hearthpwn.com/decks/203080-lifecoach-handlock-03-02-2015","Lifecoach Handlock 03/02/2015","+1","Warlock Cards","Ancient Watcher

× 2"
"Doublecom","http://www.hearthpwn.com/decks/203079-doublecom","Doublecom","+1","Druid Cards","Harvest Golem

× 2"
"SD Priest","http://www.hearthpwn.com/decks/203076-sd-priest","SD Priest","+1","Priest Cards","Big Game Hunter

× 1"
"Echo","http://www.hearthpwn.com/decks/203072-echo","Echo","+1","Mage Cards","Mad Scientist

× 2"
"Nature Boy - Combo/Ramp Druid","http://www.hearthpwn.com/decks/203073-nature-boy-combo-ramp-druid","Nature Boy - Combo/Ramp Druid","+1","Druid Cards","Shade of Naxxramas

× 1"
"Echo","http://www.hearthpwn.com/decks/203072-echo","Echo","+1","Mage Cards","Flamecannon

× 2"
"Mech 1.0","http://www.hearthpwn.com/decks/203083-mech-1-0","Mech 1.0","+1","Paladin Cards","Shielded Minibot

× 2"
"[LEGEND S11] Gurubashi Priest","http://www.hearthpwn.com/decks/202277-legend-s11-gurubashi-priest","[LEGEND S11] Gurubashi Priest","+2","Priest Cards","Shadow Word: Death

× 2"
"Echo","http://www.hearthpwn.com/decks/203072-echo","Echo","+1","Mage Cards","Duplicate

× 1"
"Echo","http://www.hearthpwn.com/decks/203072-echo","Echo","+1","Mage Cards","Alexstrasza

× 1"
"Control","http://www.hearthpwn.com/decks/203078-control","Control","+1","Warrior Cards","Sneed's Old Shredder

× 1"
"Mech 1.0","http://www.hearthpwn.com/decks/203083-mech-1-0","Mech 1.0","+1","Paladin Cards","Clockwork Gnome

× 2"
"Control","http://www.hearthpwn.com/decks/203078-control","Control","+1","Warrior Cards","Grommash Hellscream

× 1"
"Mech 1.0","http://www.hearthpwn.com/decks/203083-mech-1-0","Mech 1.0","+1","Paladin Cards","Abusive Sergeant

× 1"
"SD Priest","http://www.hearthpwn.com/decks/203076-sd-priest","SD Priest","+1","Priest Cards","Shadow Word: Death

× 1"
"Nature Boy - Combo/Ramp Druid","http://www.hearthpwn.com/decks/203073-nature-boy-combo-ramp-druid","Nature Boy - Combo/Ramp Druid","+1","Druid Cards","Starfall

× 1"
"Lifecoach Handlock 03/02/2015","http://www.hearthpwn.com/decks/203080-lifecoach-handlock-03-02-2015","Lifecoach Handlock 03/02/2015","+1","Warlock Cards","Zombie Chow

× 1"
"Somehow Successful","http://www.hearthpwn.com/decks/202282-somehow-successful","Somehow Successful","+2","Priest Cards","Holy Smite

× 2"
"Mech 1.0","http://www.hearthpwn.com/decks/203083-mech-1-0","Mech 1.0","+1","Paladin Cards","Annoy-o-Tron

× 1"
"Control","http://www.hearthpwn.com/decks/203078-control","Control","+1","Warrior Cards","Ysera

× 1"
"SD Priest","http://www.hearthpwn.com/decks/203076-sd-priest","SD Priest","+1","Priest Cards","Bloodmage Thalnos

× 1"
"Control","http://www.hearthpwn.com/decks/203078-control","Control","+1","Warrior Cards","Big Game Hunter

× 1"
"Control","http://www.hearthpwn.com/decks/203078-control","Control","+1","Warrior Cards","Armorsmith

× 2"
"SD Priest","http://www.hearthpwn.com/decks/203076-sd-priest","SD Priest","+1","Priest Cards","Dalaran Mage

× 2"
"Somehow Successful","http://www.hearthpwn.com/decks/202282-somehow-successful","Somehow Successful","+2","Priest Cards","Light of the Naaru

× 2"
"Mech 1.0","http://www.hearthpwn.com/decks/203083-mech-1-0","Mech 1.0","+1","Paladin Cards","Piloted Shredder

× 2"
"[LEGEND S11] Gurubashi Priest","http://www.hearthpwn.com/decks/202277-legend-s11-gurubashi-priest","[LEGEND S11] Gurubashi Priest","+2","Priest Cards","Gurubashi Berserker

× 2"
"Mech 1.0","http://www.hearthpwn.com/decks/203083-mech-1-0","Mech 1.0","+1","Paladin Cards","Cogmaster

× 2"
"If u want fun Come here ! :)","http://www.hearthpwn.com/decks/203082-if-u-want-fun-come-here","If u want fun Come here ! :)","+1","Priest Cards","Auchenai Soulpriest

× 2"
"If u want fun Come here ! :)","http://www.hearthpwn.com/decks/203082-if-u-want-fun-come-here","If u want fun Come here ! :)","+1","Priest Cards","Circle of Healing

× 2"
"Echo","http://www.hearthpwn.com/decks/203072-echo","Echo","+1","Mage Cards","Sludge Belcher

× 2"
"If u want fun Come here ! :)","http://www.hearthpwn.com/decks/203082-if-u-want-fun-come-here","If u want fun Come here ! :)","+1","Priest Cards","Azure Drake

× 2"
"Nature Boy - Combo/Ramp Druid","http://www.hearthpwn.com/decks/203073-nature-boy-combo-ramp-druid","Nature Boy - Combo/Ramp Druid","+1","Druid Cards","Dark Wispers

× 2"
"Doublecom","http://www.hearthpwn.com/decks/203079-doublecom","Doublecom","+1","Druid Cards","Druid of the Claw

× 2"
"Echo","http://www.hearthpwn.com/decks/203072-echo","Echo","+1","Mage Cards","Molten Giant

× 2"
"If u want fun Come here ! :)","http://www.hearthpwn.com/decks/203082-if-u-want-fun-come-here","If u want fun Come here ! :)","+1","Priest Cards","Shadow Word: Death

× 1"
"Somehow Successful","http://www.hearthpwn.com/decks/202282-somehow-successful","Somehow Successful","+2","Priest Cards","Knife Juggler

× 2"
"Control","http://www.hearthpwn.com/decks/203078-control","Control","+1","Warrior Cards","Sludge Belcher

× 2"
"Combo","http://www.hearthpwn.com/decks/203075-combo","Combo","+1","Druid Cards","Ancient of Lore

× 2"
"Ramp","http://www.hearthpwn.com/decks/203069-ramp","Ramp","+1","Druid Cards","Harrison Jones

× 1"
"Combo","http://www.hearthpwn.com/decks/203075-combo","Combo","+1","Druid Cards","Dr. Boom

× 1"
"Def Druid","http://www.hearthpwn.com/decks/203086-def-druid","Def Druid","+1","Druid Cards","Swipe

× 2"
"Combo","http://www.hearthpwn.com/decks/203075-combo","Combo","+1","Druid Cards","The Black Knight

× 1"
"If u want fun Come here ! :)","http://www.hearthpwn.com/decks/203082-if-u-want-fun-come-here","If u want fun Come here ! :)","+1","Priest Cards","Holy Smite

× 1"
"Doublecom","http://www.hearthpwn.com/decks/203079-doublecom","Doublecom","+1","Druid Cards","Piloted Shredder

× 2"
"Ramp","http://www.hearthpwn.com/decks/203069-ramp","Ramp","+1","Druid Cards","Piloted Shredder

× 2"
"If u want fun Come here ! :)","http://www.hearthpwn.com/decks/203082-if-u-want-fun-come-here","If u want fun Come here ! :)","+1","Priest Cards","Injured Blademaster

× 2"
"Mech 1.0","http://www.hearthpwn.com/decks/203083-mech-1-0","Mech 1.0","+1","Paladin Cards","Tinkertown Technician

× 2"
"Ramp","http://www.hearthpwn.com/decks/203069-ramp","Ramp","+1","Druid Cards","Cenarius

× 1"
"Def Druid","http://www.hearthpwn.com/decks/203086-def-druid","Def Druid","+1","Druid Cards","Druid of the Claw

× 2"
"If u want fun Come here ! :)","http://www.hearthpwn.com/decks/203082-if-u-want-fun-come-here","If u want fun Come here ! :)","+1","Priest Cards","Divine Spirit

× 2"
"[LEGEND S11] Gurubashi Priest","http://www.hearthpwn.com/decks/202277-legend-s11-gurubashi-priest","[LEGEND S11] Gurubashi Priest","+2","Priest Cards","Holy Smite

× 2"
"Ramp","http://www.hearthpwn.com/decks/203069-ramp","Ramp","+1","Druid Cards","Druid of the Claw

× 2"
"Doublecom","http://www.hearthpwn.com/decks/203079-doublecom","Doublecom","+1","Druid Cards","Zombie Chow

× 2"
"Def Druid","http://www.hearthpwn.com/decks/203086-def-druid","Def Druid","+1","Druid Cards","Maexxna

× 1"
"Mech 1.0","http://www.hearthpwn.com/decks/203083-mech-1-0","Mech 1.0","+1","Paladin Cards","Harvest Golem

× 2"
"Ramp","http://www.hearthpwn.com/decks/203069-ramp","Ramp","+1","Druid Cards","Big Game Hunter

× 1"
"Mech 1.0","http://www.hearthpwn.com/decks/203083-mech-1-0","Mech 1.0","+1","Paladin Cards","Quartermaster

× 1"
"Combo","http://www.hearthpwn.com/decks/203075-combo","Combo","+1","Druid Cards","Sludge Belcher

× 2"
"SD Priest","http://www.hearthpwn.com/decks/203076-sd-priest","SD Priest","+1","Priest Cards","Power Word: Shield

× 2"
"Def Druid","http://www.hearthpwn.com/decks/203086-def-druid","Def Druid","+1","Druid Cards","Wrath

× 2"
"Echo","http://www.hearthpwn.com/decks/203072-echo","Echo","+1","Mage Cards","Sylvanas Windrunner

× 1"
"Def Druid","http://www.hearthpwn.com/decks/203086-def-druid","Def Druid","+1","Druid Cards","Mark of the Wild

× 2"
"SD Priest","http://www.hearthpwn.com/decks/203076-sd-priest","SD Priest","+1","Priest Cards","Mind Blast

× 2"
"If u want fun Come here ! :)","http://www.hearthpwn.com/decks/203082-if-u-want-fun-come-here","If u want fun Come here ! :)","+1","Priest Cards","Light of the Naaru

× 1"
"[LEGEND S11] Gurubashi Priest","http://www.hearthpwn.com/decks/202277-legend-s11-gurubashi-priest","[LEGEND S11] Gurubashi Priest","+2","Priest Cards","Power Word: Shield

× 2"
"[LEGEND S11] Gurubashi Priest","http://www.hearthpwn.com/decks/202277-legend-s11-gurubashi-priest","[LEGEND S11] Gurubashi Priest","+2","Priest Cards","Holy Nova

× 1"
"Somehow Successful","http://www.hearthpwn.com/decks/202282-somehow-successful","Somehow Successful","+2","Priest Cards","Northshire Cleric

× 2"
"[LEGEND S11] Gurubashi Priest","http://www.hearthpwn.com/decks/202277-legend-s11-gurubashi-priest","[LEGEND S11] Gurubashi Priest","+2","Priest Cards","Shadow Madness

× 1"
"Ramp","http://www.hearthpwn.com/decks/203069-ramp","Ramp","+1","Druid Cards","Azure Drake

× 2"
"Nature Boy - Combo/Ramp Druid","http://www.hearthpwn.com/decks/203073-nature-boy-combo-ramp-druid","Nature Boy - Combo/Ramp Druid","+1","Druid Cards","Hobgoblin

× 1"
"Nature Boy - Combo/Ramp Druid","http://www.hearthpwn.com/decks/203073-nature-boy-combo-ramp-druid","Nature Boy - Combo/Ramp Druid","+1","Druid Cards","Mark of Nature

× 2"
"Control","http://www.hearthpwn.com/decks/203078-control","Control","+1","Warrior Cards","Shield Slam

× 2"
"Echo","http://www.hearthpwn.com/decks/203072-echo","Echo","+1","Mage Cards","Echo of Medivh

× 2"
"Somehow Successful","http://www.hearthpwn.com/decks/202282-somehow-successful","Somehow Successful","+2","Priest Cards","Shadowbomber

× 2"
"If u want fun Come here ! :)","http://www.hearthpwn.com/decks/203082-if-u-want-fun-come-here","If u want fun Come here ! :)","+1","Priest Cards","Power Word: Shield

× 2"
"Nature Boy - Combo/Ramp Druid","http://www.hearthpwn.com/decks/203073-nature-boy-combo-ramp-druid","Nature Boy - Combo/Ramp Druid","+1","Druid Cards","Power of the Wild

× 2"
"Somehow Successful","http://www.hearthpwn.com/decks/202282-somehow-successful","Somehow Successful","+2","Priest Cards","Leper Gnome

× 2"
"SD Priest","http://www.hearthpwn.com/decks/203076-sd-priest","SD Priest","+1","Priest Cards","Northshire Cleric

× 2"
